SampleID	fwd_id	rev_id	fwd_barcode	rev_barcode	description
F1R1	1F	R1	AGCCTTCGTCGC	AGCCTTCGTCGC	sample 1
F1R2	1F	R2	AGCCTTCGTCGC	TCCATACCGGAA	sample 2
F1R3	1F	R3	AGCCTTCGTCGC	AGCCCTGCTACA	sample 3
F1R4	1F	R4	AGCCTTCGTCGC	CCTAACGGTCCA	sample 4
F2R1	2F	R1	TCCATACCGGAA	AGCCTTCGTCGC	sample 5
F2R2	2F	R2	TCCATACCGGAA	TCCATACCGGAA	sample 6
F2R3	2F	R3	TCCATACCGGAA	AGCCCTGCTACA	sample 7
F2R4	2F	R4	TCCATACCGGAA	CCTAACGGTCCA	sample 8
F3R1	3F	R1	AGCCCTGCTACA	AGCCTTCGTCGC	sample 9
F3R2	3F	R2	AGCCCTGCTACA	TCCATACCGGAA	sample 10
F3R3	3F	R3	AGCCCTGCTACA	AGCCCTGCTACA	sample 11
F3R4	3F	R4	AGCCCTGCTACA	CCTAACGGTCCA	sample 12
F4R1	4F	R1	CCTAACGGTCCA	AGCCTTCGTCGC	sample 13
F4R2	4F	R2	CCTAACGGTCCA	TCCATACCGGAA	sample 14
F4R3	4F	R3	CCTAACGGTCCA	AGCCCTGCTACA	sample 15 MockCom
F4R4	4F	R4	CCTAACGGTCCA	CCTAACGGTCCA	sample 16 negative control
